case_id,source_dataset,slice,question_type,reviewer_status,reviewer_notes
case_pub_001,hotpot_qa,multihop_fact_slice,multihop_fact,pending,
case_pub_002,hotpot_qa,multihop_fact_slice,multihop_fact,pending,
case_pub_003,hotpot_qa,multihop_fact_slice,multihop_fact,pending,
case_pub_004,hotpot_qa,multihop_fact_slice,multihop_fact,pending,
case_pub_005,hotpot_qa,multihop_fact_slice,multihop_fact,pending,
case_pub_006,hotpot_qa,multihop_fact_slice,multihop_fact,pending,
case_pub_007,hotpot_qa,multihop_fact_slice,multihop_fact,pending,
case_pub_008,hotpot_qa,multihop_fact_slice,multihop_fact,pending,
case_pub_009,hotpot_qa,multihop_fact_slice,multihop_fact,pending,
case_pub_010,hotpot_qa,multihop_fact_slice,multihop_fact,pending,
case_pub_011,hotpot_qa,multihop_fact_slice,multihop_fact,pending,
case_pub_012,hotpot_qa,multihop_fact_slice,multihop_fact,pending,
case_pub_013,hotpot_qa,multihop_fact_slice,multihop_fact,pending,
case_pub_014,hotpot_qa,multihop_fact_slice,multihop_fact,pending,
case_pub_015,hotpot_qa,multihop_fact_slice,multihop_fact,pending,
case_pub_016,hotpot_qa,multihop_fact_slice,multihop_fact,pending,
case_pub_017,hotpot_qa,multihop_fact_slice,multihop_fact,pending,
case_pub_018,hotpot_qa,multihop_fact_slice,multihop_fact,pending,
case_pub_019,hotpot_qa,multihop_fact_slice,multihop_fact,pending,
case_pub_020,hotpot_qa,multihop_fact_slice,multihop_fact,pending,
case_pub_021,hotpot_qa,multihop_fact_slice,multihop_fact,pending,
case_pub_022,hotpot_qa,multihop_fact_slice,multihop_fact,pending,
case_pub_023,hotpot_qa,multihop_fact_slice,multihop_fact,pending,
case_pub_024,hotpot_qa,multihop_fact_slice,multihop_fact,pending,
case_pub_025,hotpot_qa,multihop_fact_slice,multihop_fact,pending,
case_pub_026,hotpot_qa,multihop_fact_slice,multihop_fact,pending,
case_pub_027,hotpot_qa,multihop_fact_slice,multihop_fact,pending,
case_pub_028,hotpot_qa,multihop_fact_slice,multihop_fact,pending,
case_pub_029,hotpot_qa,multihop_fact_slice,multihop_fact,pending,
case_pub_030,hotpot_qa,multihop_fact_slice,multihop_fact,pending,
case_pub_031,hotpot_qa,multihop_fact_slice,multihop_fact,pending,
case_pub_032,hotpot_qa,multihop_fact_slice,multihop_fact,pending,
case_pub_033,multihop_rag,graph_reasoning_slice,multihop_reasoning,pending,
case_pub_034,multihop_rag,graph_reasoning_slice,multihop_reasoning,pending,
case_pub_035,multihop_rag,graph_reasoning_slice,multihop_reasoning,pending,
case_pub_036,multihop_rag,graph_reasoning_slice,multihop_reasoning,pending,
case_pub_037,multihop_rag,graph_reasoning_slice,multihop_reasoning,pending,
case_pub_038,multihop_rag,graph_reasoning_slice,multihop_reasoning,pending,
case_pub_039,multihop_rag,graph_reasoning_slice,multihop_reasoning,pending,
case_pub_040,multihop_rag,graph_reasoning_slice,multihop_reasoning,pending,
case_pub_041,multihop_rag,graph_reasoning_slice,multihop_reasoning,pending,
case_pub_042,multihop_rag,graph_reasoning_slice,multihop_reasoning,pending,
case_pub_043,multihop_rag,graph_reasoning_slice,multihop_reasoning,pending,
case_pub_044,multihop_rag,graph_reasoning_slice,multihop_reasoning,pending,
case_pub_045,multihop_rag,graph_reasoning_slice,multihop_reasoning,pending,
case_pub_046,multihop_rag,graph_reasoning_slice,multihop_reasoning,pending,
case_pub_047,multihop_rag,graph_reasoning_slice,multihop_reasoning,pending,
case_pub_048,multihop_rag,graph_reasoning_slice,multihop_reasoning,pending,
case_pub_049,multihop_rag,graph_reasoning_slice,multihop_reasoning,pending,
case_pub_050,multihop_rag,graph_reasoning_slice,multihop_reasoning,pending,
case_pub_051,multihop_rag,graph_reasoning_slice,multihop_reasoning,pending,
case_pub_052,multihop_rag,graph_reasoning_slice,multihop_reasoning,pending,
case_pub_053,multihop_rag,graph_reasoning_slice,multihop_reasoning,pending,
case_pub_054,multihop_rag,graph_reasoning_slice,multihop_reasoning,pending,
case_pub_055,multihop_rag,graph_reasoning_slice,multihop_reasoning,pending,
case_pub_056,multihop_rag,graph_reasoning_slice,multihop_reasoning,pending,
case_pub_057,microsoft_graphrag_benchmarking,global_summary_slice,global_summary,pending,
case_pub_058,microsoft_graphrag_benchmarking,global_summary_slice,global_summary,pending,
case_pub_059,microsoft_graphrag_benchmarking,global_summary_slice,global_summary,pending,
case_pub_060,microsoft_graphrag_benchmarking,global_summary_slice,global_summary,pending,
case_pub_061,microsoft_graphrag_benchmarking,global_summary_slice,global_summary,pending,
case_pub_062,microsoft_graphrag_benchmarking,global_summary_slice,global_summary,pending,
case_pub_063,microsoft_graphrag_benchmarking,global_summary_slice,global_summary,pending,
case_pub_064,microsoft_graphrag_benchmarking,global_summary_slice,global_summary,pending,
case_pub_065,microsoft_graphrag_benchmarking,global_summary_slice,global_summary,pending,
case_pub_066,microsoft_graphrag_benchmarking,global_summary_slice,global_summary,pending,
case_pub_067,microsoft_graphrag_benchmarking,global_summary_slice,global_summary,pending,
case_pub_068,microsoft_graphrag_benchmarking,global_summary_slice,global_summary,pending,
case_pub_069,microsoft_graphrag_benchmarking,global_summary_slice,global_summary,pending,
case_pub_070,microsoft_graphrag_benchmarking,global_summary_slice,global_summary,pending,
case_pub_071,microsoft_graphrag_benchmarking,global_summary_slice,global_summary,pending,
case_pub_072,microsoft_graphrag_benchmarking,global_summary_slice,global_summary,pending,
case_pub_073,microsoft_graphrag_benchmarking,global_summary_slice,global_summary,pending,
case_pub_074,microsoft_graphrag_benchmarking,global_summary_slice,global_summary,pending,
case_pub_075,microsoft_graphrag_benchmarking,global_summary_slice,global_summary,pending,
case_pub_076,microsoft_graphrag_benchmarking,global_summary_slice,global_summary,pending,
case_pub_077,microsoft_graphrag_benchmarking,global_summary_slice,global_summary,pending,
case_pub_078,microsoft_graphrag_benchmarking,global_summary_slice,global_summary,pending,
case_pub_079,microsoft_graphrag_benchmarking,global_summary_slice,global_summary,pending,
case_pub_080,microsoft_graphrag_benchmarking,global_summary_slice,global_summary,pending,
